customer_id,name,email,signup_date,city,state,country
C001,Danielle Johnson,danielle.johnson.1@yahoo.com,2023-04-25,East Donald,Connecticut,United States
C002,Erica Mcclain,erica.mcclain.2@gmail.com,2023-01-26,Johnsonland,Indiana,United States
C003,Jesse Guzman,jesse.guzman.3@hotmail.com,2023-10-09,Lake Debra,Ohio,United States
C004,Robert Cole,robert.cole.4@yahoo.com,2023-09-08,Port Lindachester,Michigan,United States
C005,Joshua Lewis,joshua.lewis.5@yahoo.com,2023-08-17,North Noahstad,Minnesota,United States
C006,Cassandra Roman,cassandra.roman.6@hotmail.com,2023-05-23,Herrerafurt,Colorado,United States
C007,Andrea Calderon,andrea.calderon.7@hotmail.com,2023-04-15,Barbaraland,Arizona,United States
C008,Donna Mejia,donna.mejia.8@gmail.com,2023-03-31,Port Craig,Louisiana,United States
C009,Shawn Flowers,shawn.flowers.9@gmail.com,2024-03-08,Michaelview,Vermont,United States
C010,Sharon Wong,sharon.wong.10@hotmail.com,2023-02-02,New Jessica,Hawaii,United States
C011,Steven Nelson,steven.nelson.11@hotmail.com,2023-01-31,Lake Mark,Wyoming,United States
C012,Kimberly Perez,kimberly.perez.12@gmail.com,2023-04-06,Richardland,Indiana,United States
C015,Jose Richards,jose.richards.15@hotmail.com,2024-06-01,Coxberg,North Carolina,United States
C016,Trevor Campos,trevor.campos.16@gmail.com,2023-01-28,Lake Ernest,Utah,United States
C017,Robert Brown,robert.brown.17@yahoo.com,2023-07-23,Riceside,Alabama,United States
C018,Erin Wilson,erin.wilson.18@hotmail.com,2024-03-05,Kaylamouth,Delaware,United States
C019,Kelly Moore,kelly.moore.19@gmail.com,2023-08-14,Teresaburgh,North Carolina,United States
C020,Rita Harrell,rita.harrell.20@yahoo.com,2024-04-04,East Nathaniel,Hawaii,United States
C021,Amber Osborne,amber.osborne.21@hotmail.com,2023-10-12,New Mariotown,Delaware,United States
C022,Sarah Koch,sarah.koch.22@yahoo.com,2023-01-07,North John,Oregon,United States
C023,Stacey Miller,stacey.miller.23@yahoo.com,2023-06-13,Port Amandaberg,Florida,United States
C024,Donna Arroyo,donna.arroyo.24@gmail.com,2024-03-08,Allisonchester,Indiana,United States
C025,Sarah Campos,sarah.campos.25@hotmail.com,2023-12-15,Lake Larry,Texas,United States
C026,Debra Kim,debra.kim.26@hotmail.com,2023-10-12,Martinezbury,California,United States
C027,Matthew Chapman,matthew.chapman.27@gmail.com,2023-06-09,North Chad,South Dakota,United States
C028,Brian Jones,brian.jones.28@gmail.com,2023-08-09,Chadbury,Louisiana,United States
C029,Elizabeth Lewis,elizabeth.lewis.29@gmail.com,2023-12-11,Sanchezfort,Nebraska,United States
C030,James Davis,james.davis.30@yahoo.com,2023-04-15,Rodneymouth,Washington,United States
C031,Brian Valdez,brian.valdez.31@hotmail.com,2023-04-05,North Richardmouth,Connecticut,United States
C032,John Lee,john.lee.32@yahoo.com,2024-01-25,South Isaiah,New Jersey,United States
C033,John Leblanc,john.leblanc.33@yahoo.com,2023-04-10,North Deniseside,Alabama,United States
C034,Tanya House,tanya.house.34@gmail.com,2024-01-03,South Todd,Indiana,United States
C035,Michelle Barrera,michelle.barrera.35@gmail.com,2023-12-19,Smithfurt,Kentucky,United States
C036,Sara Glover,sara.glover.36@yahoo.com,2023-09-28,Hortonside,Texas,United States
C037,Jennifer Moore,jennifer.moore.37@yahoo.com,2023-02-14,North Beth,Ohio,United States
C038,Bruce Edwards,bruce.edwards.38@gmail.com,2024-04-15,Shawhaven,Hawaii,United States
C039,Brian Romero,brian.romero.39@gmail.com,2024-07-03,New Carlosbury,Montana,United States
C040,David Zamora,david.zamora.40@gmail.com,2023-05-08,New Christophershire,Oregon,United States
C041,Alexandra Donovan,alexandra.donovan.41@gmail.com,2024-01-23,Johnfurt,Florida,United States
C042,Emily Evans,emily.evans.42@yahoo.com,2023-03-22,North Stephenshire,Connecticut,United States
C043,Charles Lewis,charles.lewis.43@yahoo.com,2023-10-28,West Nicole,Kansas,United States
C044,Mike Moore,mike.moore.44@hotmail.com,2024-01-06,Cherylhaven,Alabama,United States
C045,Elizabeth Spencer,elizabeth.spencer.45@hotmail.com,2023-07-16,East Josephville,West Virginia,United States
C046,Angela Nelson,angela.nelson.46@hotmail.com,2023-03-13,Lake Matthew,Utah,United States
C047,Cynthia Baker,cynthia.baker.47@yahoo.com,2023-02-16,Rebeccaton,Colorado,United States
C048,Cynthia Calderon,cynthia.calderon.48@gmail.com,2023-08-22,West Kellieview,Hawaii,United States
C049,Joyce Arnold,joyce.arnold.49@yahoo.com,2023-10-24,North Charlesberg,Ohio,United States
C050,Barry Wood,barry.wood.50@hotmail.com,2023-03-23,South David,Maryland,United States
C051,Michael Fitzpatrick,michael.fitzpatrick.51@gmail.com,2023-08-27,Jasonbury,Texas,United States
C052,Curtis Deleon,curtis.deleon.52@yahoo.com,2023-04-14,East Michelle,Idaho,United States
C053,Nicole Johnson,nicole.johnson.53@hotmail.com,2024-01-25,Kimberlychester,Texas,United States
C054,Michelle Cochran,michelle.cochran.54@yahoo.com,2023-10-12,Port Jacqueline,Missouri,United States
C055,Monica Garrison,monica.garrison.55@gmail.com,2024-04-09,Port Samantha,Minnesota,United States
C056,Kevin Pope,kevin.pope.56@gmail.com,2024-01-09,North Donna,Montana,United States
C057,Mark Lin,mark.lin.57@yahoo.com,2023-06-16,Darlenefurt,Utah,United States
C058,Tina Herrera,tina.herrera.58@gmail.com,2024-01-15,West Gregoryview,Arizona,United States
C059,Daniel Hamilton,daniel.hamilton.59@hotmail.com,2023-12-30,Samuelhaven,Delaware,United States
C060,Paul Ray,paul.ray.60@yahoo.com,2023-08-03,Lake Ryanhaven,Ohio,United States
C061,Gloria Bentley,gloria.bentley.61@hotmail.com,2023-10-01,West Ryan,Texas,United States
C062,Samantha Hanson,samantha.hanson.62@hotmail.com,2023-03-15,Lake Rachelhaven,Maryland,United States
C063,Elizabeth Nguyen,elizabeth.nguyen.63@hotmail.com,2023-06-25,Angelaborough,Nebraska,United States
C064,Elizabeth Gray,elizabeth.gray.64@hotmail.com,2024-06-30,New Ashley,Montana,United States
C065,Amy Smith,amy.smith.65@yahoo.com,2023-09-08,South Kristi,Rhode Island,United States
C066,Diana Marshall,diana.marshall.66@yahoo.com,2023-06-17,New Thomas,West Virginia,United States
C067,Gene Miller,gene.miller.67@hotmail.com,2024-04-18,Clarencebury,Utah,United States
C068,Lance Drake,lance.drake.68@gmail.com,2024-01-24,North Johnfort,South Carolina,United States
C069,Melissa Jones,melissa.jones.69@yahoo.com,2023-10-04,Lake Heather,New York,United States
C070,Reginald Hernandez,reginald.hernandez.70@hotmail.com,2023-08-13,Port Michelleville,Wyoming,United States
C071,Ronald Thompson,ronald.thompson.71@hotmail.com,2023-11-29,Williamsbury,Delaware,United States
C072,Stephen Solis,stephen.solis.72@hotmail.com,2023-02-27,Stephaniemouth,South Carolina,United States
C073,Lisa Mcclain,lisa.mcclain.73@yahoo.com,2023-08-23,Merrittfort,New Hampshire,United States
C074,Jonathon Wright,jonathon.wright.74@hotmail.com,2023-02-02,Katiehaven,New York,United States
C075,Courtney Hill,courtney.hill.75@gmail.com,2023-11-20,Jimmymouth,Massachusetts,United States
C076,Patricia Miller,patricia.miller.76@gmail.com,2024-02-15,South Heather,Virginia,United States
C077,Jason Perry,jason.perry.77@yahoo.com,2023-10-02,Perryborough,Nebraska,United States
C078,Perry Carrillo,perry.carrillo.78@hotmail.com,2023-03-09,Port Nicoleshire,Missouri,United States
C079,Thomas Bender,thomas.bender.79@yahoo.com,2023-08-05,Castanedachester,Ohio,United States
C080,Julie Payne,julie.payne.80@hotmail.com,2023-11-19,South Jeffrey,Nevada,United States
C081,Todd Price,todd.price.81@hotmail.com,2023-08-06,Ramseymouth,Florida,United States
C082,Tina Ferguson,tina.ferguson.82@yahoo.com,2024-05-26,North Dawnberg,New Jersey,United States
C083,Hunter Green,hunter.green.83@yahoo.com,2024-02-10,South Mark,Wisconsin,United States
C084,Nichole Ramirez,nichole.ramirez.84@yahoo.com,2024-04-14,Maryfort,Alaska,United States
C085,Kaitlyn Williams,kaitlyn.williams.85@yahoo.com,2023-05-27,Lake Casey,Tennessee,United States
C086,Billy Johnson,billy.johnson.86@gmail.com,2023-09-29,Port Andrew,Georgia,United States
C087,John Wells,john.wells.87@gmail.com,2023-05-23,South Holly,Wyoming,United States
C088,Miguel Obrien,miguel.obrien.88@hotmail.com,2023-09-10,Port Loriport,Connecticut,United States
C089,Beth Hickman,beth.hickman.89@hotmail.com,2023-09-27,Sandersborough,California,United States
C090,Brittany Rivas,brittany.rivas.90@gmail.com,2024-03-14,Lake Kendraville,Oregon,United States
C091,Kimberly Reed,kimberly.reed.91@yahoo.com,2024-02-13,Caseymouth,Alabama,United States
C092,Melissa Short,melissa.short.92@gmail.com,2024-01-06,Yumouth,Virginia,United States
C093,Eric Thompson,eric.thompson.93@hotmail.com,2023-08-13,Christinaside,Wyoming,United States
C094,Timothy Graham,timothy.graham.94@hotmail.com,2023-05-22,Marcusbury,Colorado,United States
C095,Joshua Hayes,joshua.hayes.95@yahoo.com,2024-06-05,Rogersfort,Massachusetts,United States
C096,Hunter Lewis,hunter.lewis.96@yahoo.com,2024-05-20,Joshuaview,Oklahoma,United States
C097,Alejandro Vaughan,alejandro.vaughan.97@gmail.com,2023-04-04,Lake Richard,Oklahoma,United States
C098,Katherine Vaughn,katherine.vaughn.98@hotmail.com,2023-02-18,Westtown,Colorado,United States
C099,Kelly Sullivan,kelly.sullivan.99@gmail.com,2023-04-23,Elizabethstad,New Mexico,United States
C100,Angela Cooper,angela.cooper.100@hotmail.com,2023-06-06,Michaelmouth,Louisiana,United States
C101,Kristopher Hall,kristopher.hall.101@hotmail.com,2023-06-13,West David,Ohio,United States
C102,Stephanie Vaughn,stephanie.vaughn.102@gmail.com,2024-03-08,Lake Todd,Washington,United States
C103,Brittany Wolf,brittany.wolf.103@hotmail.com,2023-03-07,Tinaborough,Maine,United States
C104,Jeremy White,jeremy.white.104@gmail.com,2024-01-30,West Brandon,Arkansas,United States
C105,Angela Terry,angela.terry.105@gmail.com,2024-01-26,Garciatown,Oregon,United States
C106,Justin Mendoza,justin.mendoza.106@yahoo.com,2024-04-24,North Johnny,New Mexico,United States
C107,Danny Jones,danny.jones.107@yahoo.com,2024-06-25,New Crystalton,Georgia,United States
C108,Edward Hart,edward.hart.108@yahoo.com,2023-09-15,East Davidchester,Rhode Island,United States
C109,Caitlin Montgomery,caitlin.montgomery.109@hotmail.com,2023-01-12,Hayesmouth,Maryland,United States
C110,Michelle Branch,michelle.branch.110@yahoo.com,2023-04-28,New Susanville,Wisconsin,United States
C111,Jared Clark,jared.clark.111@hotmail.com,2024-07-03,East Johnside,California,United States
C112,Eric Ortiz,eric.ortiz.112@hotmail.com,2023-10-01,Carterbury,Maine,United States
C113,Jasmine Warner,jasmine.warner.113@yahoo.com,2023-12-15,Lake Jesusview,South Dakota,United States
C114,Brittany Lara,brittany.lara.114@gmail.com,2023-04-25,Wilsonbury,Tennessee,United States
C115,Edward Baker,edward.baker.115@gmail.com,2023-10-28,North Gabrielport,Rhode Island,United States
C116,Kaitlyn Carroll,kaitlyn.carroll.116@yahoo.com,2024-03-21,Martinezport,Vermont,United States
C117,Richard Nelson,richard.nelson.117@hotmail.com,2023-06-11,Kimton,Nevada,United States
C118,Jessica Munoz,jessica.munoz.118@gmail.com,2024-04-09,East Suzanneshire,Pennsylvania,United States
C119,Stephanie Key,stephanie.key.119@hotmail.com,2023-01-04,Barbaraburgh,New Mexico,United States
C120,April Ramos,april.ramos.120@yahoo.com,2023-09-27,New Ryan,New York,United States
C121,Tanya Harrison,tanya.harrison.121@yahoo.com,2024-05-27,Manuelville,Hawaii,United States
C122,Mark Steele,mark.steele.122@yahoo.com,2023-07-02,Cervantesside,Arizona,United States
C123,Shawn Edwards,shawn.edwards.123@yahoo.com,2024-06-03,Port Richardhaven,Alabama,United States
C124,Diane Daniels,diane.daniels.124@yahoo.com,2023-04-19,East Aprilfort,South Dakota,United States
C125,Scott Williams,scott.williams.125@yahoo.com,2023-11-02,West Samuel,Vermont,United States
C126,Todd Johnson,todd.johnson.126@hotmail.com,2024-06-03,Lake Eric,Oklahoma,United States
C127,Alexander Russell,alexander.russell.127@gmail.com,2023-07-23,South Staceyberg,New York,United States
C128,Sarah Carter,sarah.carter.128@hotmail.com,2023-06-06,Robertfort,New Mexico,United States
C129,John Arnold,john.arnold.129@yahoo.com,2024-01-18,New William,Florida,United States
C130,Michelle Hill,michelle.hill.130@yahoo.com,2023-06-15,Sarahhaven,Louisiana,United States
C131,Lori Campbell,lori.campbell.131@yahoo.com,2024-06-27,Grimesmouth,Ohio,United States
C132,Todd Cook,todd.cook.132@hotmail.com,2023-01-01,Gibsonmouth,Illinois,United States
C133,Tina Allen,tina.allen.133@yahoo.com,2023-11-28,Port Kimberly,Arizona,United States
C134,Louis Kennedy,louis.kennedy.134@yahoo.com,2024-05-15,Mcneilberg,New York,United States
C135,Tammie Martinez,tammie.martinez.135@hotmail.com,2023-01-20,Mollymouth,Connecticut,United States
C136,Alicia Bryant,alicia.bryant.136@hotmail.com,2023-04-25,South Monica,Georgia,United States
C137,Charles Harrington,charles.harrington.137@yahoo.com,2024-01-07,Cindyfurt,Tennessee,United States
C138,Christopher Murphy,christopher.murphy.138@hotmail.com,2023-11-11,Finleyfort,Ohio,United States
C139,Barry Jones,barry.jones.139@hotmail.com,2023-09-03,Wendyland,Nevada,United States
C140,Tiffany Hodges,tiffany.hodges.140@hotmail.com,2023-03-01,South Garrettport,Alaska,United States
C141,Brandon Flynn,brandon.flynn.141@yahoo.com,2023-09-04,Nicholasberg,Kansas,United States
C142,Amanda Knight,amanda.knight.142@gmail.com,2023-03-22,East Christian,Missouri,United States
C143,Christine Allen,christine.allen.143@hotmail.com,2023-03-29,East Steven,Kentucky,United States
C144,Steve Estrada,steve.estrada.144@yahoo.com,2024-05-12,Ericaburgh,California,United States
C145,Scott Reed,scott.reed.145@hotmail.com,2023-03-12,Daniellechester,Vermont,United States
C146,John Bruce,john.bruce.146@gmail.com,2024-06-29,Castanedaville,Kansas,United States
C147,Patrick Howard,patrick.howard.147@yahoo.com,2023-05-09,Andrewfurt,Louisiana,United States
C148,Alan Grimes,alan.grimes.148@hotmail.com,2023-05-12,New Julieport,Wyoming,United States
C149,Lauren Lawson,lauren.lawson.149@yahoo.com,2024-05-01,Lake James,Kentucky,United States
C150,Erica Le,erica.le.150@hotmail.com,2023-06-19,Lake Colton,South Dakota,United States
C151,Debbie Parker,debbie.parker.151@yahoo.com,2023-09-29,New Michaelberg,Colorado,United States
C152,Renee Murphy,renee.murphy.152@yahoo.com,2024-06-24,East David,Ohio,United States
C153,Nancy Diaz,nancy.diaz.153@hotmail.com,2024-03-09,Mariaview,New Mexico,United States
C154,Tammy Phillips,tammy.phillips.154@yahoo.com,2023-08-05,South Sydneyberg,Wisconsin,United States
C155,Tammy Dalton,tammy.dalton.155@hotmail.com,2023-07-25,Coffeyside,Mississippi,United States
C156,Christopher Foster,christopher.foster.156@yahoo.com,2023-11-16,South Miguelview,Pennsylvania,United States
C157,Parker Little,parker.little.157@yahoo.com,2024-02-13,Lake Jesustown,South Carolina,United States
C158,Nicole Hoffman,nicole.hoffman.158@hotmail.com,2024-01-18,Lake Bryan,New Jersey,United States
C159,Regina Turner,regina.turner.159@yahoo.com,2024-03-24,East Brandonton,Maryland,United States
C160,Wendy Wilson,wendy.wilson.160@gmail.com,2024-06-13,South Shawn,Texas,United States
C161,Stacy Horton,stacy.horton.161@hotmail.com,2024-04-07,Matthewsberg,Nebraska,United States
C162,Diana Bass,diana.bass.162@hotmail.com,2023-05-04,Crosbyview,Arizona,United States
C163,Hannah Robinson,hannah.robinson.163@yahoo.com,2023-09-11,Port Michael,Utah,United States
C164,Michael Winters,michael.winters.164@hotmail.com,2023-08-19,Bruceview,Illinois,United States
C165,Tammy Rush,tammy.rush.165@yahoo.com,2023-03-07,Lake Jasontown,Arkansas,United States
C166,Kristin Sanchez,kristin.sanchez.166@gmail.com,2023-12-13,North Maria,Oklahoma,United States
C167,Jamie Robinson,jamie.robinson.167@gmail.com,2023-01-22,Kimtown,Louisiana,United States
C168,Michele Thomas,michele.thomas.168@gmail.com,2023-08-24,Laurenville,Texas,United States
C169,Michelle Anderson,michelle.anderson.169@yahoo.com,2023-08-14,New Mario,Idaho,United States
C170,Joseph Martinez,joseph.martinez.170@yahoo.com,2023-01-08,Lake Brycemouth,Wyoming,United States
C171,Michael Wheeler,michael.wheeler.171@yahoo.com,2023-03-14,New Bradley,Texas,United States
C172,Adrienne Ellis,adrienne.ellis.172@gmail.com,2023-03-02,South Melaniechester,Utah,United States
C173,Daniel Joseph,daniel.joseph.173@yahoo.com,2023-08-23,North Marcberg,California,United States
C174,David Weber,david.weber.174@hotmail.com,2023-03-11,Oscarhaven,Maine,United States
C175,Shawn Jacobs,shawn.jacobs.175@gmail.com,2023-02-02,Port Dianaside,Washington,United States
C176,Michelle Jordan,michelle.jordan.176@gmail.com,2023-12-05,Morganmouth,Montana,United States
C177,Robert Davis,robert.davis.177@yahoo.com,2023-03-14,Elizabethstad,Georgia,United States
C178,Gloria Wells,gloria.wells.178@gmail.com,2024-06-10,North Ryanstad,Florida,United States
C179,Angela Willis,angela.willis.179@hotmail.com,2023-09-01,Elizabethchester,Minnesota,United States
C180,Morgan Pugh,morgan.pugh.180@yahoo.com,2023-10-13,West Carolinestad,Connecticut,United States
C181,Becky Lewis,becky.lewis.181@hotmail.com,2024-05-12,Walkerville,Minnesota,United States
C182,Megan Richardson,megan.richardson.182@yahoo.com,2023-08-08,Port Roy,Oklahoma,United States
C183,Terri Cardenas,terri.cardenas.183@hotmail.com,2023-05-16,New Sarahview,Alaska,United States
C184,Henry Park,henry.park.184@yahoo.com,2024-04-29,Michaelburgh,Georgia,United States
C185,Ashley Morales,ashley.morales.185@gmail.com,2023-09-06,North Julieborough,Missouri,United States
C186,Robert Peterson,robert.peterson.186@yahoo.com,2024-04-29,Jennifershire,Rhode Island,United States
C187,Christopher Williams,christopher.williams.187@gmail.com,2024-02-21,Lake Christophermouth,Texas,United States
C188,Roger Lawson,roger.lawson.188@yahoo.com,2023-07-14,Jasonhaven,Delaware,United States
C189,Michael Rodriguez,michael.rodriguez.189@hotmail.com,2023-04-07,Roseport,Arizona,United States
C190,Jeffrey Joyce,jeffrey.joyce.190@gmail.com,2023-04-10,East Kevinborough,Wyoming,United States
C191,Derrick Scott,derrick.scott.191@yahoo.com,2024-03-17,North Tylerchester,Idaho,United States
C192,David Patel,david.patel.192@gmail.com,2023-12-29,Charleston,Nevada,United States
C193,Andrew Morse,andrew.morse.193@yahoo.com,2024-03-09,Berrychester,Maine,United States
C194,Darius Smith,darius.smith.194@yahoo.com,2024-02-25,Port Stacey,New Jersey,United States
C195,Marilyn Gillespie,marilyn.gillespie.195@gmail.com,2024-04-23,Richardbury,Nevada,United States
C196,Brianna Warren,brianna.warren.196@yahoo.com,2023-02-25,Juliebury,Michigan,United States
C197,Kimberly Jones,kimberly.jones.197@hotmail.com,2023-04-11,New Williamstad,Minnesota,United States
C198,Jessica Fuentes,jessica.fuentes.198@gmail.com,2023-03-04,North Dwayne,Illinois,United States
C199,Glenn Hernandez,glenn.hernandez.199@hotmail.com,2024-02-17,East Stephaniefort,New Jersey,United States
C200,Karen Wolf,karen.wolf.200@yahoo.com,2023-12-14,Michellemouth,Georgia,United States
C201,Scott Harrison,scott.harrison.201@hotmail.com,2023-04-22,Laurashire,Arkansas,United States
C202,Michael Jones,michael.jones.202@yahoo.com,2023-09-12,Johnsonstad,Maine,United States
C203,Chase Lin,chase.lin.203@gmail.com,2023-07-16,Fordside,West Virginia,United States
C204,Paula Cole,paula.cole.204@hotmail.com,2023-07-14,West Cassidy,North Carolina,United States
C205,Edward Brown,edward.brown.205@gmail.com,2024-07-03,Toniland,North Carolina,United States
C206,Debbie Williams,debbie.williams.206@hotmail.com,2024-04-04,Ritterhaven,North Dakota,United States
C207,Chelsea Cox,chelsea.cox.207@yahoo.com,2023-05-24,Ortizmouth,Utah,United States
C208,Carla Mccormick,carla.mccormick.208@hotmail.com,2024-03-08,Cameronville,Oklahoma,United States
C210,Donald Bailey,donald.bailey.210@hotmail.com,2023-10-13,Andersonland,Maryland,United States
C211,Angelica Schneider,angelica.schneider.211@yahoo.com,2024-04-18,Lake Jacqueline,West Virginia,United States
C212,Wendy Gaines,wendy.gaines.212@gmail.com,2023-09-13,Romerotown,Mississippi,United States
C213,Kyle Bean,kyle.bean.213@yahoo.com,2023-03-19,Leeberg,Georgia,United States
C214,Chris Richard,chris.richard.214@gmail.com,2024-03-29,Lake Matthewberg,Rhode Island,United States
C215,Nicholas Martin,nicholas.martin.215@hotmail.com,2023-04-11,Lake Samuel,Nebraska,United States
C216,Michael Ball,michael.ball.216@yahoo.com,2023-02-21,Karenmouth,Iowa,United States
C217,Amanda Collins,amanda.collins.217@yahoo.com,2023-01-16,West Erika,Oregon,United States
C218,Tracey Murray,tracey.murray.218@yahoo.com,2023-04-06,Shawchester,Hawaii,United States
C219,Lisa Solis,lisa.solis.219@gmail.com,2023-08-31,Brettfort,Mississippi,United States
C220,Angela Garcia,angela.garcia.220@hotmail.com,2023-06-20,West Christopherburgh,Louisiana,United States
C221,Shannon Palmer,shannon.palmer.221@yahoo.com,2024-02-21,East Lisastad,Alaska,United States
C222,Robert Sanders,robert.sanders.222@yahoo.com,2024-05-12,South Virginia,Mississippi,United States
C223,Jeffrey Flores,jeffrey.flores.223@gmail.com,2024-05-07,Laceyberg,Arizona,United States
C224,Justin Gallegos,justin.gallegos.224@hotmail.com,2023-08-07,Port Janice,New Hampshire,United States
C225,Christina Bullock,christina.bullock.225@gmail.com,2024-02-15,Jasonberg,Oklahoma,United States
C226,Shelby Lynch,shelby.lynch.226@yahoo.com,2023-03-02,Port Keithport,Delaware,United States
C227,Brandon Barnes,brandon.barnes.227@hotmail.com,2023-06-18,Brownfort,Rhode Island,United States
C228,Amanda Chen,amanda.chen.228@hotmail.com,2024-01-24,Lake Douglas,Nevada,United States
C229,Aaron Gomez,aaron.gomez.229@hotmail.com,2023-01-03,Lopezland,North Dakota,United States
C230,Theresa Jones,theresa.jones.230@hotmail.com,2024-02-04,South Morganton,South Dakota,United States
C231,Paul Brooks,paul.brooks.231@hotmail.com,2023-09-29,West Kristinastad,Kansas,United States
C232,Jessica Fuller,jessica.fuller.232@hotmail.com,2024-04-10,Dennisstad,Ohio,United States
C233,Matthew Day,matthew.day.233@hotmail.com,2023-10-20,Pollardfort,South Dakota,United States
C234,Ian Taylor,ian.taylor.234@hotmail.com,2024-03-09,Johnsonborough,Arizona,United States
C235,Kylie Blackwell,kylie.blackwell.235@yahoo.com,2024-05-13,Zacharyside,New Mexico,United States
C236,Jon Mullins,jon.mullins.236@gmail.com,2023-06-08,Michaelton,Tennessee,United States
C237,Martin Martinez,martin.martinez.237@yahoo.com,2023-07-14,Prestonmouth,Missouri,United States
C238,Matthew Lopez,matthew.lopez.238@hotmail.com,2023-10-31,Richardsonhaven,Louisiana,United States
C239,Laurie Acosta,laurie.acosta.239@gmail.com,2023-08-11,Morrisonburgh,Ohio,United States
C240,Kelly Garcia,kelly.garcia.240@yahoo.com,2023-03-01,Kirkchester,Hawaii,United States
C241,Hannah Bell,hannah.bell.241@gmail.com,2023-03-04,Christinachester,Louisiana,United States
C242,Danielle Moody,danielle.moody.242@gmail.com,2023-11-18,Lake Danastad,North Carolina,United States
C243,Laurie Shelton,laurie.shelton.243@gmail.com,2023-02-28,Port Cathy,New Hampshire,United States
C244,Austin Jones,austin.jones.244@hotmail.com,2023-02-21,Michaelshire,Arizona,United States
C245,Cassie Shelton,cassie.shelton.245@yahoo.com,2024-05-03,Scottland,Oregon,United States
C246,Devin Richardson,devin.richardson.246@yahoo.com,2024-05-29,Johnville,Alaska,United States
C247,Jill Porter,jill.porter.247@yahoo.com,2024-06-27,West Kimberlymouth,Indiana,United States
C248,Wendy Mitchell,wendy.mitchell.248@yahoo.com,2023-06-11,North Derek,California,United States
C249,Shannon Roach,shannon.roach.249@yahoo.com,2023-02-28,Port Evelynmouth,Texas,United States
C250,Michael Brown,michael.brown.250@hotmail.com,2024-06-04,Patriciaburgh,Virginia,United States
C251,Jenna Graves,jenna.graves.251@gmail.com,2023-03-24,Williamville,Illinois,United States
C252,Laura Young,laura.young.252@yahoo.com,2023-07-10,West Angelastad,New Jersey,United States
C253,Linda Arnold,linda.arnold.253@hotmail.com,2023-03-12,North Kylefort,North Dakota,United States
C254,Robert Ortiz,robert.ortiz.254@hotmail.com,2023-03-11,East Teresaland,New Hampshire,United States
C255,Steven Holmes,steven.holmes.255@gmail.com,2023-08-29,Port Tammy,Nevada,United States
C256,Wesley Oneill,wesley.oneill.256@gmail.com,2024-02-18,West Fred,Massachusetts,United States
C257,Sarah Perez,sarah.perez.257@hotmail.com,2023-05-03,Meghanview,Illinois,United States
C258,Cynthia Pierce,cynthia.pierce.258@gmail.com,2023-09-10,Christinaland,North Carolina,United States
C259,Danielle Vargas,danielle.vargas.259@hotmail.com,2023-02-10,East Donna,Washington,United States
C260,Rachel Morgan,rachel.morgan.260@hotmail.com,2023-03-25,Port Michelleland,Arizona,United States
C261,Stacy Wise,stacy.wise.261@yahoo.com,2024-03-05,Port Ashley,South Carolina,United States
C262,Danielle Jimenez,danielle.jimenez.262@hotmail.com,2024-06-19,Dawnport,New Mexico,United States
C263,John Aguirre,john.aguirre.263@yahoo.com,2023-11-20,Shawnton,Hawaii,United States
C264,Scott Washington,scott.washington.264@gmail.com,2023-09-25,Catherinemouth,Virginia,United States
C265,Luis Travis,luis.travis.265@yahoo.com,2023-07-29,Andersonstad,North Carolina,United States
C266,Anna Flores,anna.flores.266@yahoo.com,2023-11-18,West Shannonberg,Connecticut,United States
C267,Brent Dougherty,brent.dougherty.267@hotmail.com,2023-09-02,Wrightburgh,Massachusetts,United States
C268,Sarah Griffith,sarah.griffith.268@gmail.com,2023-09-29,South Wendy,New Jersey,United States
C269,Victor Parker,victor.parker.269@gmail.com,2024-02-10,South Williambury,Indiana,United States
C270,Brandy Williams,brandy.williams.270@yahoo.com,2023-05-15,Harperfort,Maine,United States
C271,Amanda Boone,amanda.boone.271@yahoo.com,2023-11-04,West Jessica,Wisconsin,United States
C272,Richard Williams,richard.williams.272@gmail.com,2024-04-13,West Angela,California,United States
C273,Paul Cole,paul.cole.273@hotmail.com,2023-11-20,Marciaville,Florida,United States
C274,Theresa Long,theresa.long.274@yahoo.com,2023-03-16,Kariborough,Rhode Island,United States
C275,William Porter,william.porter.275@gmail.com,2023-01-10,East Jenniferfort,North Dakota,United States
C276,Stephen Obrien,stephen.obrien.276@hotmail.com,2024-04-14,West Sarah,Massachusetts,United States
C277,Francisco Ewing,francisco.ewing.277@hotmail.com,2023-04-13,Brittneyhaven,North Carolina,United States
C278,Amanda Erickson,amanda.erickson.278@yahoo.com,2023-03-17,Cabrerastad,Michigan,United States
C279,Emily Whitney,emily.whitney.279@hotmail.com,2024-07-04,Lauratown,Rhode Island,United States
C280,Thomas Coffey,thomas.coffey.280@hotmail.com,2023-08-07,Lake Brett,New Mexico,United States
C281,George Fuller,george.fuller.281@hotmail.com,2024-06-02,Hernandezbury,Arizona,United States
C282,Ashley Graves,ashley.graves.282@gmail.com,2023-09-29,South Leeberg,Nebraska,United States
C283,Hannah Jenkins,hannah.jenkins.283@hotmail.com,2023-05-16,Salaston,Virginia,United States
C284,Devin Clark,devin.clark.284@yahoo.com,2023-12-24,Foxmouth,Idaho,United States
C286,Todd Bernard,todd.bernard.286@yahoo.com,2023-09-08,Jeffreyport,Wyoming,United States
C287,Keith Clark,keith.clark.287@hotmail.com,2024-01-14,Stewartstad,Oklahoma,United States
C288,Sarah Pope,sarah.pope.288@yahoo.com,2023-10-19,Davidside,Missouri,United States
C289,Paula Foster,paula.foster.289@yahoo.com,2023-06-11,West Bobby,Virginia,United States
C290,Christian Bradshaw,christian.bradshaw.290@hotmail.com,2024-03-24,Julieborough,Illinois,United States
C291,Maria Nelson,maria.nelson.291@hotmail.com,2023-11-06,Derrickshire,Kansas,United States
C292,John Santiago,john.santiago.292@hotmail.com,2024-06-25,Lake Jesse,Connecticut,United States
C293,Robert Love,robert.love.293@gmail.com,2023-01-09,North Tamara,Hawaii,United States
C294,Richard Donovan,richard.donovan.294@yahoo.com,2023-11-03,Santosport,Massachusetts,United States
C295,Justin Brown,justin.brown.295@gmail.com,2023-04-17,New Joanne,Arizona,United States
C296,Robin Thompson,robin.thompson.296@gmail.com,2023-05-18,Port Randyfort,Idaho,United States
C297,Sharon Hayden,sharon.hayden.297@yahoo.com,2023-09-28,North Kennethville,Michigan,United States
C298,Justin Hays,justin.hays.298@hotmail.com,2023-04-29,Smallberg,North Carolina,United States
C299,Taylor Lee,taylor.lee.299@gmail.com,2023-04-20,Franciscomouth,Tennessee,United States
C300,Jonathan Lopez,jonathan.lopez.300@hotmail.com,2023-06-09,Krystalshire,Utah,United States
C301,Katherine Thompson,katherine.thompson.301@hotmail.com,2025-04-09,Wilcoxhaven,Massachusetts,United States
C302,Christopher Caldwell,christopher.caldwell.302@gmail.com,2025-04-19,South Marcus,Kansas,United States
C303,Adam Reyes,adam.reyes.303@yahoo.com,2026-03-16,Stephanieport,Pennsylvania,United States
C304,Jennifer Smith,jennifer.smith.304@hotmail.com,2025-02-05,Heatherton,Texas,United States
C305,David Parker,david.parker.305@yahoo.com,2025-06-21,Hannahport,Mississippi,United States
C306,Christina Robinson,christina.robinson.306@gmail.com,2025-01-29,Hernandezstad,Nebraska,United States
C307,Jacqueline Durham,jacqueline.durham.307@hotmail.com,2025-04-01,Port John,Wisconsin,United States
C308,Caitlin Cobb,caitlin.cobb.308@hotmail.com,2025-12-04,Ricestad,California,United States
C309,Samantha Rodriguez,samantha.rodriguez.309@hotmail.com,2025-11-17,New Amanda,Hawaii,United States
C310,Mark Meyer,mark.meyer.310@gmail.com,2025-03-19,Lake Brandy,Colorado,United States
C311,Rachel Griffin,rachel.griffin.311@gmail.com,2024-08-26,Andersonchester,New Jersey,United States
C312,Anne Hansen,anne.hansen.312@hotmail.com,2024-10-07,Jenniferfurt,Kentucky,United States
C313,Lisa Reese,lisa.reese.313@hotmail.com,2025-09-11,North Rodneyland,Ohio,United States
C314,Virginia Michael,virginia.michael.314@gmail.com,2025-04-14,Johnsonchester,Idaho,United States
C315,Kayla Cannon,kayla.cannon.315@hotmail.com,2024-08-19,Brooksfurt,New Hampshire,United States
C316,Molly Knox,molly.knox.316@yahoo.com,2024-07-08,Lake Tamaraside,Florida,United States
C317,Desiree Bailey,desiree.bailey.317@gmail.com,2025-06-11,Ricebury,Alabama,United States
C318,Katelyn Good,katelyn.good.318@yahoo.com,2024-11-15,Patelbury,Kansas,United States
C319,Steven Moore,steven.moore.319@gmail.com,2025-03-30,North Lisachester,South Carolina,United States
C320,Katie Stephenson,katie.stephenson.320@gmail.com,2024-12-17,East Carlos,Rhode Island,United States
C321,Arthur Harper,arthur.harper.321@hotmail.com,2025-09-30,East Joyfurt,New Hampshire,United States
C322,Jimmy Robinson,jimmy.robinson.322@gmail.com,2026-01-20,New Victoria,Iowa,United States
C323,Lisa Dennis,lisa.dennis.323@yahoo.com,2025-09-15,Joelberg,Texas,United States
C324,Adriana Gutierrez,adriana.gutierrez.324@yahoo.com,2026-01-30,New Stacyburgh,South Dakota,United States
C325,Erika Peters,erika.peters.325@gmail.com,2024-07-14,Shellyfurt,North Dakota,United States
C326,Lucas Butler,lucas.butler.326@gmail.com,2024-10-27,Nicholasside,New Mexico,United States
C327,John Perez,john.perez.327@hotmail.com,2024-09-20,Port Steven,Arkansas,United States
C328,Anna Faulkner,anna.faulkner.328@hotmail.com,2024-12-04,South John,Indiana,United States
C329,Mark Miller,mark.miller.329@yahoo.com,2026-01-14,Christopherborough,Arkansas,United States
C330,Joseph Nunez,joseph.nunez.330@hotmail.com,2024-08-10,Port Charlesshire,Washington,United States
C332,Sharon Hayden,sharon.hayden.332@gmail.com,2026-02-21,Rochaborough,Montana,United States
C333,Rose Arnold,rose.arnold.333@yahoo.com,2026-01-21,Owensstad,Maryland,United States
C334,Jose Hunt,jose.hunt.334@yahoo.com,2024-03-12,Garciafort,Wisconsin,United States
C335,Mary Rocha,mary.rocha.335@yahoo.com,2025-09-18,Robertshire,Iowa,United States
C336,Joyce Smith,joyce.smith.336@hotmail.com,2024-11-12,Phillipsborough,Michigan,United States
C337,Jerry Hudson,jerry.hudson.337@gmail.com,2024-08-16,Piercemouth,Kentucky,United States
C338,Kathryn Burns,kathryn.burns.338@hotmail.com,2025-05-16,Murraystad,Hawaii,United States
C339,Donald Payne,donald.payne.339@gmail.com,2025-07-13,New Arthurland,Texas,United States
C340,Brandon Smith,brandon.smith.340@gmail.com,2024-08-14,North Jasmine,Alabama,United States
C341,Jeffery Bryant,jeffery.bryant.341@gmail.com,2025-07-06,Hopkinstown,Alabama,United States
C342,Amanda Jenkins,amanda.jenkins.342@gmail.com,2025-02-05,Amandaport,Alaska,United States
C343,Wayne Wolfe,wayne.wolfe.343@yahoo.com,2025-03-17,North Samantha,North Dakota,United States
C344,Eduardo Lee,eduardo.lee.344@hotmail.com,2024-10-18,Lisaview,Montana,United States
C345,Christian Chung,christian.chung.345@yahoo.com,2025-07-02,Lake Jeremiah,Utah,United States
C346,Maria Miller,maria.miller.346@hotmail.com,2026-01-29,North Richardfurt,Oklahoma,United States
C347,Thomas Walsh,thomas.walsh.347@hotmail.com,2025-08-25,North Vincent,Nevada,United States
C348,Deanna Rivera,deanna.rivera.348@gmail.com,2026-04-01,East Jasonshire,New Mexico,United States
C349,Joseph Glass,joseph.glass.349@hotmail.com,2024-12-10,Rachelshire,Texas,United States
C350,Antonio Mcfarland,antonio.mcfarland.350@yahoo.com,2025-03-04,East Brendafurt,California,United States
C351,Kevin Elliott,kevin.elliott.351@hotmail.com,2024-12-18,Rhodesside,Michigan,United States
C352,Patrick Singh,patrick.singh.352@hotmail.com,2025-01-02,New Juliestad,Arkansas,United States
C353,Connor Hall,connor.hall.353@gmail.com,2025-08-31,Cassiefurt,Wyoming,United States
C354,Mark Walters,mark.walters.354@yahoo.com,2024-07-30,Perezside,Missouri,United States
C355,Ryan Frazier,ryan.frazier.355@hotmail.com,2025-01-04,Millerport,Kansas,United States
C356,Jennifer Miller,jennifer.miller.356@gmail.com,2025-06-10,Dawsonberg,West Virginia,United States
C357,Peter Ward,peter.ward.357@gmail.com,2025-08-30,West Seanview,Connecticut,United States
C358,David Lopez,david.lopez.358@yahoo.com,2025-03-16,Garcialand,Minnesota,United States
C359,Angela Carlson,angela.carlson.359@yahoo.com,2025-04-04,Smithchester,Missouri,United States
C360,Kimberly Hardy,kimberly.hardy.360@hotmail.com,2024-12-15,New Adriana,Utah,United States
C361,Oscar Taylor,oscar.taylor.361@yahoo.com,2024-10-23,Trevorland,Hawaii,United States
C362,Ryan Fisher,ryan.fisher.362@yahoo.com,2025-07-31,West Johnathanbury,Washington,United States
C363,Colleen Wheeler,colleen.wheeler.363@gmail.com,2024-08-13,Rodriguezport,Alabama,United States
C364,Stacy Cook,stacy.cook.364@hotmail.com,2025-10-29,Brockmouth,New Hampshire,United States
C365,Matthew Ochoa,matthew.ochoa.365@hotmail.com,2025-02-17,West Malik,Vermont,United States
C366,James Edwards,james.edwards.366@yahoo.com,2025-01-25,Kellyfort,Oregon,United States
C367,Kimberly Nguyen,kimberly.nguyen.367@yahoo.com,2025-10-19,Diazshire,Illinois,United States
C368,Brittany Gardner,brittany.gardner.368@hotmail.com,2025-06-28,Lake Stevenborough,New Hampshire,United States
C369,Lauren Guerra,lauren.guerra.369@gmail.com,2025-05-13,Chambersberg,South Dakota,United States
C370,Kevin King,kevin.king.370@gmail.com,2025-02-23,Mccormickland,New Hampshire,United States
C371,Vicki Mendoza,vicki.mendoza.371@yahoo.com,2025-02-18,Stephensstad,Vermont,United States
C372,Paula Herrera,paula.herrera.372@hotmail.com,2024-07-29,North Kaylastad,Hawaii,United States
C373,Deborah Williams,deborah.williams.373@hotmail.com,2025-01-18,Rasmussenmouth,Nevada,United States
C374,Daniel Garcia,daniel.garcia.374@gmail.com,2025-08-17,South Neil,New Jersey,United States
C375,Kelsey Chapman,kelsey.chapman.375@hotmail.com,2025-06-06,West Whitney,New Mexico,United States
C376,Dan Perry,dan.perry.376@gmail.com,2025-04-16,Port Sheliaberg,Minnesota,United States
C377,Larry Gibson,larry.gibson.377@gmail.com,2024-09-14,Baileyville,New Hampshire,United States
C378,Jennifer Chavez,jennifer.chavez.378@gmail.com,2025-04-16,Bradleyville,Alaska,United States
C379,Melinda Wong,melinda.wong.379@hotmail.com,2025-06-29,Lake John,Idaho,United States
C380,Andrea Rivera,andrea.rivera.380@yahoo.com,2025-12-08,Hallfurt,South Dakota,United States
C381,Jack Davidson,jack.davidson.381@yahoo.com,2025-08-18,Johnsonborough,New Hampshire,United States
C382,Brittany Price,brittany.price.382@hotmail.com,2026-01-05,East Joshua,Virginia,United States
C383,Lindsey Brown,lindsey.brown.383@gmail.com,2025-06-09,West Mark,New Jersey,United States
C384,Daniel Lambert,daniel.lambert.384@yahoo.com,2024-08-02,Candicefurt,Pennsylvania,United States
C385,Danny Bell,danny.bell.385@yahoo.com,2024-10-31,Port Emily,Maryland,United States
C386,Samantha Lawrence,samantha.lawrence.386@hotmail.com,2025-03-29,West David,Maryland,United States
C387,Daryl Brooks,daryl.brooks.387@gmail.com,2025-01-03,Barnesberg,Oregon,United States
C388,Patrick Lopez,patrick.lopez.388@hotmail.com,2026-02-19,New Garrett,Maine,United States
C389,Donald Edwards,donald.edwards.389@yahoo.com,2025-04-02,Port Michaeltown,New York,United States
C390,Derrick Ochoa,derrick.ochoa.390@hotmail.com,2024-08-13,Ortizfort,Nebraska,United States
C391,Jennifer Wallace,jennifer.wallace.391@gmail.com,2024-10-24,New Anthonybury,Maine,United States
C392,Antonio Walker,antonio.walker.392@yahoo.com,2026-03-07,Port Stephen,West Virginia,United States
C393,Kendra Simpson,kendra.simpson.393@hotmail.com,2025-09-22,New Dannyside,Mississippi,United States
C394,Amber Sherman,amber.sherman.394@hotmail.com,2025-06-23,Paynechester,Connecticut,United States
C395,Jill Valdez,jill.valdez.395@gmail.com,2025-05-22,Nancyton,New Hampshire,United States
C396,Jose Atkins,jose.atkins.396@gmail.com,2025-09-24,Grimesville,Wyoming,United States
C397,Lisa Clark,lisa.clark.397@hotmail.com,2026-03-17,Michellechester,Hawaii,United States
C398,Christina Glover,christina.glover.398@gmail.com,2025-12-10,New Michaelview,Rhode Island,United States
C399,Amber Morris,amber.morris.399@hotmail.com,2024-10-31,Keithview,North Carolina,United States
C400,Tricia Shelton,tricia.shelton.400@gmail.com,2025-08-03,Port Kristi,Arkansas,United States
C401,Victoria Camacho,victoria.camacho.401@gmail.com,2026-02-15,East Dustin,Massachusetts,United States
C402,Maria Juarez,maria.juarez.402@hotmail.com,2025-01-15,Burnsshire,South Dakota,United States
C403,Joseph Perry,joseph.perry.403@yahoo.com,2025-03-22,Lake Lauraland,Montana,United States
C404,Zachary Ramirez,zachary.ramirez.404@yahoo.com,2024-08-19,Clementsmouth,Pennsylvania,United States
C405,Aaron Schroeder,aaron.schroeder.405@hotmail.com,2025-09-24,Lake Teresastad,California,United States
C406,Laura Sanders,laura.sanders.406@yahoo.com,2024-07-06,South Joseph,Maine,United States
C407,Matthew Lane,matthew.lane.407@hotmail.com,2025-12-19,Kramerton,Arizona,United States
C408,Cory Bowers,cory.bowers.408@yahoo.com,2026-01-07,North Sarahburgh,New Hampshire,United States
C409,Stephen Braun,stephen.braun.409@yahoo.com,2025-01-22,Lake Regina,Tennessee,United States
C410,Kevin Baxter,kevin.baxter.410@yahoo.com,2025-07-12,Lake Michaelland,Mississippi,United States
C411,Elizabeth Banks,elizabeth.banks.411@gmail.com,2025-09-19,Garrettbury,Nevada,United States
C412,Diana Padilla,diana.padilla.412@gmail.com,2024-09-14,South Christian,Pennsylvania,United States
C413,Jeremy Frazier,jeremy.frazier.413@gmail.com,2025-06-08,Lake Matthewville,Nevada,United States
C414,Heather Woods,heather.woods.414@gmail.com,2025-05-22,Davisville,Connecticut,United States
C415,Lawrence Ibarra,lawrence.ibarra.415@gmail.com,2024-11-09,Ayalaberg,Tennessee,United States
C416,Victoria Thomas,victoria.thomas.416@hotmail.com,2025-05-08,New Debramouth,Minnesota,United States
C417,Jennifer Fuller,jennifer.fuller.417@gmail.com,2025-12-06,Jensenmouth,Indiana,United States
C418,Christopher Garcia,christopher.garcia.418@gmail.com,2025-05-17,Bellchester,Massachusetts,United States
C419,Kylie Wright,kylie.wright.419@hotmail.com,2025-08-27,East Angelaport,Wyoming,United States
C420,Shelly Johnson,shelly.johnson.420@hotmail.com,2025-06-04,Jamiehaven,Illinois,United States
C421,Julie Phillips,julie.phillips.421@gmail.com,2025-08-21,South Paul,Kansas,United States
C422,Victor Wheeler,victor.wheeler.422@hotmail.com,2025-05-03,West Sarahberg,Missouri,United States
C423,Michelle Carroll,michelle.carroll.423@yahoo.com,2026-01-23,Port Thomas,Wyoming,United States
C424,Charles Matthews,charles.matthews.424@gmail.com,2024-11-12,Jasonton,Montana,United States
C425,William Fuller,william.fuller.425@hotmail.com,2025-01-17,Hendersonfurt,Colorado,United States
C426,Danielle Medina,danielle.medina.426@gmail.com,2025-09-08,Christopherland,North Carolina,United States
C427,Samantha Mccann,samantha.mccann.427@gmail.com,2025-07-28,Peterland,Maryland,United States
C428,Holly Blair,holly.blair.428@gmail.com,2024-12-30,East Christopherchester,Delaware,United States
C429,Shawn Lynch,shawn.lynch.429@yahoo.com,2026-03-27,North Alexander,Florida,United States
C430,Jacqueline Martin,jacqueline.martin.430@yahoo.com,2026-02-07,Garyberg,West Virginia,United States
C431,Kimberly Adams,kimberly.adams.431@gmail.com,2025-05-09,West Lindsayview,North Dakota,United States
C432,Caleb Joseph,caleb.joseph.432@hotmail.com,2025-08-24,South Spencerstad,Arkansas,United States
C433,Victor Bradley,victor.bradley.433@yahoo.com,2026-01-17,West Kerri,Oregon,United States
C434,Emily Wilson,emily.wilson.434@hotmail.com,2024-07-05,North Micheletown,Kansas,United States
C435,Brandon Cox,brandon.cox.435@gmail.com,2025-05-12,Port Austin,Virginia,United States
C436,Joy Barnes,joy.barnes.436@yahoo.com,2025-04-24,South Ruth,Massachusetts,United States
C437,Joseph Miller,joseph.miller.437@yahoo.com,2025-02-05,New Emilyton,Idaho,United States
C438,Jeffrey Black,jeffrey.black.438@gmail.com,2025-09-18,Jonesmouth,Maine,United States
C439,Kiara Collins,kiara.collins.439@gmail.com,2026-02-18,Smithborough,Maine,United States
C440,Anne Torres,anne.torres.440@hotmail.com,2026-03-18,South Micheal,New York,United States
C441,Whitney Parsons,whitney.parsons.441@hotmail.com,2025-05-30,East Adam,Nebraska,United States
C442,Andrew Weaver,andrew.weaver.442@hotmail.com,2025-10-24,West Aaronfurt,West Virginia,United States
C443,Jessica Garcia,jessica.garcia.443@hotmail.com,2025-09-30,South Travis,Arkansas,United States
C444,Teresa Thomas,teresa.thomas.444@yahoo.com,2025-09-30,North Samanthahaven,Nebraska,United States
C445,Jaclyn Watson,jaclyn.watson.445@hotmail.com,2025-02-08,New Codyberg,South Dakota,United States
C446,Lori Jones,lori.jones.446@hotmail.com,2025-12-10,South Elaineberg,Kansas,United States
C447,Kelly Rosales,kelly.rosales.447@yahoo.com,2025-11-01,Louisview,Iowa,United States
C448,Charles Harris,charles.harris.448@hotmail.com,2024-12-25,East Danielmouth,New Jersey,United States
C449,Lee Martinez,lee.martinez.449@yahoo.com,2024-09-29,South Kyle,Kentucky,United States
C450,Melissa Davis,melissa.davis.450@hotmail.com,2025-04-21,Margaretton,Indiana,United States
C451,Mary Murphy,mary.murphy.451@gmail.com,2025-12-14,West Randy,Arkansas,United States
C452,Erica Green,erica.green.452@gmail.com,2026-03-31,South Melissaside,West Virginia,United States
C453,Andrea Davis,andrea.davis.453@gmail.com,2025-06-13,North Alexander,Wyoming,United States
C454,Toni Anderson,toni.anderson.454@yahoo.com,2024-10-08,Ginaland,Pennsylvania,United States
C455,Brenda Lowery,brenda.lowery.455@gmail.com,2025-03-02,North Jamesmouth,Florida,United States
C456,Christopher Boone,christopher.boone.456@yahoo.com,2025-05-18,North Sheriton,Hawaii,United States
C457,Sandra Hamilton,sandra.hamilton.457@hotmail.com,2025-02-20,Crawfordfurt,Utah,United States
C459,Christina Jensen,christina.jensen.459@hotmail.com,2024-12-02,Victorside,New Mexico,United States
C460,Bruce Ramirez,bruce.ramirez.460@gmail.com,2024-07-30,Gonzalezhaven,Kansas,United States
C461,Crystal Pham,crystal.pham.461@gmail.com,2024-08-21,Caseystad,New Mexico,United States
C462,Amy Washington,amy.washington.462@hotmail.com,2025-03-12,Paulburgh,Alaska,United States
C463,Luis Robinson,luis.robinson.463@yahoo.com,2025-11-03,Port Victoriahaven,Minnesota,United States
C464,Katie Key,katie.key.464@gmail.com,2026-03-22,East Dianeview,Ohio,United States
C465,Lisa Stark,lisa.stark.465@gmail.com,2024-09-17,New Meghan,Missouri,United States
C466,Michael Combs,michael.combs.466@gmail.com,2025-10-14,East Brittany,West Virginia,United States
C468,Anna Lopez,anna.lopez.468@yahoo.com,2026-02-14,Gregoryton,Colorado,United States
C469,Brian Guzman,brian.guzman.469@gmail.com,2025-01-20,Smithborough,Florida,United States
C470,Matthew Thompson,matthew.thompson.470@yahoo.com,2025-08-02,North Dylanberg,Wyoming,United States
C471,Daniel Fox,daniel.fox.471@yahoo.com,2025-11-23,West Janetfurt,Pennsylvania,United States
C472,Craig Turner,craig.turner.472@gmail.com,2025-08-18,Lake Stacy,South Dakota,United States
C473,Susan Banks,susan.banks.473@gmail.com,2025-03-11,Jeffreyshire,Idaho,United States
C474,Nicholas Gross,nicholas.gross.474@yahoo.com,2024-12-03,East Jessica,Vermont,United States
C476,Ariana Zuniga,ariana.zuniga.476@gmail.com,2024-10-22,Juliebury,Minnesota,United States
C477,Toni Jackson,toni.jackson.477@gmail.com,2025-09-13,Seanview,Indiana,United States
C478,John Jones,john.jones.478@yahoo.com,2025-02-14,Lake Aaronfurt,New Hampshire,United States
C479,Jessica Costa,jessica.costa.479@yahoo.com,2025-01-01,Maciasstad,Ohio,United States
C480,Nicholas Poole,nicholas.poole.480@hotmail.com,2025-12-17,East Shannon,Arizona,United States
C481,Kenneth Flores,kenneth.flores.481@gmail.com,2025-10-23,West Georgefurt,Hawaii,United States
C482,Jessica Payne,jessica.payne.482@gmail.com,2024-08-25,Brookefort,Virginia,United States
C483,Anthony Dunlap,anthony.dunlap.483@gmail.com,2026-01-26,Mooreville,Michigan,United States
C484,Jamie Lee,jamie.lee.484@hotmail.com,2025-03-17,Donnaport,Kansas,United States
C485,Cody Long,cody.long.485@hotmail.com,2024-06-11,Hernandezstad,Alabama,United States
C486,Ronald Phillips,ronald.phillips.486@hotmail.com,2025-10-15,Gonzaleztown,Indiana,United States
C487,George Carter,george.carter.487@gmail.com,2024-11-18,Anthonyport,Montana,United States
C488,Thomas Jacobson,thomas.jacobson.488@yahoo.com,2025-10-23,Lake Amyburgh,Mississippi,United States
C489,Nicole Wood,nicole.wood.489@yahoo.com,2025-12-30,West Scottview,Iowa,United States
C490,Mary Elliott,mary.elliott.490@gmail.com,2026-01-28,North Elizabethside,Nebraska,United States
C491,Tara Lawrence,tara.lawrence.491@hotmail.com,2026-03-06,Port Paulhaven,Nebraska,United States
C492,Tammy Mcdaniel,tammy.mcdaniel.492@yahoo.com,2025-05-25,South Kent,Montana,United States
C493,Raven Klein,raven.klein.493@hotmail.com,2025-10-01,North Stacy,New Hampshire,United States
C494,Gerald Joyce,gerald.joyce.494@gmail.com,2026-03-24,East Brad,Colorado,United States
C495,Vanessa Graham,vanessa.graham.495@hotmail.com,2025-12-03,Port Brooke,Massachusetts,United States
C496,Renee Sloan,renee.sloan.496@gmail.com,2025-09-14,South Angelaside,Massachusetts,United States
C497,Melissa Stone,melissa.stone.497@gmail.com,2026-01-17,Rodriguezberg,Georgia,United States
C498,Ashley Aguilar,ashley.aguilar.498@gmail.com,2025-10-04,New Kimberlyport,Ohio,United States
C499,Nicole Humphrey,nicole.humphrey.499@yahoo.com,2024-12-14,Penashire,Rhode Island,United States
C500,Thomas Jackson,thomas.jackson.500@yahoo.com,2025-11-03,New Charlotte,Vermont,United States
